Name,Position,Team,Salary (USD),Season
Stephen Curry,PG,Golden State Warriors,43006362,2021
Bradley Beal,SG,Washington Wizards,28751775,2021
Damian Lillard,PG,Portland Trail Blazers,31626953,2021
Joel Embiid,C,Philadelphia 76ers,29542010,2021
Giannis Antetokounmpo,PF,Milwaukee Bucks,27528090,2021
Zion Williamson,PF,New Orleans Pelicans,10245480,2021
Nikola Jokic,C,Denver Nuggets,29542010,2021
Donovan Mitchell,SG,Utah Jazz,5195501,2021
Jayson Tatum,SF,Boston Celtics,9897120,2021
Devin Booker,SG,Phoenix Suns,29467800,2021
Trae Young,PG,Atlanta Hawks,6571800,2021
LeBron James,SF,Los Angeles Lakers,39219565,2021
Kawhi Leonard,SF,LA Clippers,34379100,2021
Karl-Anthony Towns,C,Minnesota Timberwolves,29467800,2021
Jaylen Brown,SG,Boston Celtics,23735118,2021
James Harden,SG,Brooklyn Nets,41254920,2021
Collin Sexton,PG,Cleveland Cavaliers,4991880,2021
Julius Randle,PF,New York Knicks,18900000,2021
Brandon Ingram,SF,New Orleans Pelicans,27285000,2021
Shai Gilgeous-Alexander,PG,Oklahoma City Thunder,4141320,2021
Nikola Vucevic,C,Chicago Bulls,26000000,2021
Paul George,F,LA Clippers,35450412,2021
Jerami Grant,SF,Detroit Pistons,19050000,2021
DeMar DeRozan,SF,San Antonio Spurs,27739975,2021
Malcolm Brogdon,PG,Indiana Pacers,20700000,2021
Jamal Murray,PG,Denver Nuggets,27285000,2021
Christian Wood,F,Houston Rockets,13015873,2021
John Wall,PG,Houston Rockets,41254920,2021
Caris LeVert,SG,Indiana Pacers,16203704,2021
Victor Oladipo,SG,Miami Heat,21000000,2021
Fred VanVleet,PG,Toronto Raptors,21250000,2021
Tobias Harris,F,Philadelphia 76ers,34358850,2021
Anthony Edwards,SG,Minnesota Timberwolves,9757440,2021
Kemba Walker,PG,Boston Celtics,34379100,2021
Ja Morant,PG,Memphis Grizzlies,9166800,2021
Michael Porter Jr.,F,Denver Nuggets,3550800,2021
Bam Adebayo,C,Miami Heat,5115492,2021
Norman Powell,G,Portland Trail Blazers,10865952,2021
Jordan Clarkson,G,Utah Jazz,11500000,2021
Jrue Holiday,PG,Milwaukee Bucks,26231111,2021
John Collins,PF,Atlanta Hawks,4137302,2021
Darius Garland,PG,Cleveland Cavaliers,6720720,2021
Dillon Brooks,SF,Memphis Grizzlies,11400000,2021
Evan Fournier,SG,Boston Celtics,17150000,2021
Tim Hardaway Jr.,SF,Dallas Mavericks,18975000,2021
Chris Paul,PG,Phoenix Suns,41358814,2021
Khyri Thomas,SG,Houston Rockets,250000,2021
Harrison Barnes,SF,Sacramento Kings,22215909,2021
Elijah Bryant,SG,Milwaukee Bucks,24611,2021
LaMelo Ball,PG,Charlotte Hornets,7839960,2021
Dejounte Murray,SG,San Antonio Spurs,14286000,2021
Kelly Oubre Jr.,SG,Golden State Warriors,14375000,2021
Gary Trent Jr.,SG,Toronto Raptors,1663861,2021
Clint Capela,C,Atlanta Hawks,16000000,2021
Tyler Herro,PG,Miami Heat,2582160,2021
Coby White,PG,Chicago Bulls,5572680,2021
Andre Drummond,C,Los Angeles Lakers,794536,2021
Derrick Rose,PG,New York Knicks,7682927,2021
Lonzo Ball,PG,New Orleans Pelicans,11003782,2021
Deandre Ayton,C,Phoenix Suns,9562920,2021
Jaren Jackson Jr.,PF,Memphis Grizzlies,7257360,2021
Rudy Gobert,C,Utah Jazz,27525281,2021
Al Horford,C,Oklahoma City Thunder,27500000,2021
Joe Harris,SF,Brooklyn Nets,16071429,2021
Luguentz Dort,G,Oklahoma City Thunder,1517981,2021
Chris Boucher,PF,Toronto Raptors,6750000,2021
Lauri Markkanen,PF,Chicago Bulls,6731508,2021
Kelly Olynyk,PF,Houston Rockets,12598243,2021
LaMarcus Aldridge,C,Brooklyn Nets,24000000,2021
Carmelo Anthony,PF,Portland Trail Blazers,1620564,2021
Duncan Robinson,F,Miami Heat,1663861,2021
Cole Anthony,PG,Orlando Magic,3285120,2021
Markelle Fultz,PG,Orlando Magic,12288697,2021
Jarrett Allen,C,Cleveland Cavaliers,3909902,2021
Keldon Johnson,SF,San Antonio Spurs,2048040,2021
Miles Bridges,SF,Charlotte Hornets,3934320,2021
Jalen Brunson,PG,Dallas Mavericks,1663861,2021
Myles Turner,C,Indiana Pacers,18000000,2021
Aaron Gordon,PF,Denver Nuggets,18136364,2021
Brook Lopez,C,Milwaukee Bucks,12697674,2021
Eric Bledsoe,SG,New Orleans Pelicans,16875000,2021
Joe Ingles,SG,Utah Jazz,10863637,2021
Jordan Poole,SG,Golden State Warriors,2063280,2021
Malik Monk,SG,Charlotte Hornets,5345687,2021
Hamidou Diallo,G,Detroit Pistons,1663861,2021
Rudy Gay,SF,San Antonio Spurs,14500000,2021
Bobby Portis,F,Milwaukee Bucks,3623000,2021
Lou Williams,SG,Atlanta Hawks,8000000,2021
Jae'Sean Tate,SF,Houston Rockets,1445697,2021
Wendell Carter Jr.,C,Orlando Magic,5448840,2021
Enes Freedom,C,Portland Trail Blazers,5005350,2021
Naz Reid,C,Minnesota Timberwolves,1517981,2021
Lonnie Walker IV,G,San Antonio Spurs,2892000,2021
Blake Griffin,PF,Brooklyn Nets,776983,2021
Jeff Green,PF,Brooklyn Nets,1620564,2021
Dwayne Bacon,SG,Orlando Magic,"1,678,854.00",2021
Oshae Brissett,SF,Indiana Pacers,757453,2021
Reggie Bullock,SG,New York Knicks,"4,135,000.00",2021
Patty Mills,PG,San Antonio Spurs,13535714,2021
Cameron Oliver,PF,G League/Overseas,"85,578.00",2021
Ty Jerome,SG,Oklahoma City Thunder,2303040,2021
Grayson Allen,SG,Memphis Grizzlies,2545320,2021
Cedi Osman,SF,Cleveland Cavaliers,8840580,2021
Brandon Clarke,PF,Memphis Grizzlies,2602920,2021
Delon Wright,SG,Sacramento Kings,9000000,2021
Jae Crowder,PF,Phoenix Suns,9258000,2021
Theo Maledon,PG,Oklahoma City Thunder,2000000,2021
Elfrid Payton,PG,New York Knicks,"5,202,195.00",2021
Gary Harris,SG,Orlando Magic,19610714,2021
Frank Jackson,PG,New Orleans Pelicans,"1,663,192.00",2021
Otto Porter Jr.,SF,Orlando Magic,28489237,2021
Kentavious Caldwell-Pope,SG,Los Angeles Lakers,12073020,2021
Daniel Theis,C,Chicago Bulls,5000000,2021
Wayne Ellington,SG,Detroit Pistons,1620564,2021
Isaac Okoro,SF,Cleveland Cavaliers,6400920,2021
Taurean Prince,PF,Cleveland Cavaliers,12250000,2021
Eric Paschall,F,Golden State Warriors,1517981,2021
Trevor Ariza,SF,Miami Heat,12800000,2021
Cody Zeller,C,Charlotte Hornets,15415730,2021
Landry Shamet,SG,Brooklyn Nets,2090040,2021
Desmond Bane,SG,Memphis Grizzlies,1936440,2021
David Nwaba,SF,Houston Rockets,1824003,2021
Patrick Williams,PF,Chicago Bulls,7068360,2021
Furkan Korkmaz,SG,Philadelphia 76ers,1762796,2021
De'Anthony Melton,SG,Memphis Grizzlies,9571712,2021
Talen Horton-Tucker,SF,Los Angeles Lakers,1517981,2021
Robin Lopez,C,Washington Wizards,7300000,2021
Paul Millsap,PF,Denver Nuggets,1000000,2021
Ivica Zubac,C,LA Clippers,7000000,2021
DeMarcus Cousins,C,LA Clippers,233095,2021
Michael Carter-Williams,G,Orlando Magic,3300000,2021
Jay Scrubb,SG,Los Angeles Clippers,"500,000.00",2021
George Hill,PG,Philadelphia 76ers,9590602,2021
Terence Davis,G,Sacramento Kings,1517981,2021
Raul Neto,PG,Washington Wizards,1620564,2021
Isaiah Roby,PF,Oklahoma City Thunder,1517981,2021
T.J. McConnell,PG,Indiana Pacers,3500000,2021
Ricky Rubio,PG,Minnesota Timberwolves,17000000,2021
Svi Mykhailiuk,SG,Oklahoma City Thunder,1663861,2021
Gabriel Deck,SF,Oklahoma City Thunder,3870370,2021
James Ennis III,F,Orlando Magic,3300000,2021
Mitchell Robinson,C,New York Knicks,1663861,2021
Cory Joseph,PG,Detroit Pistons,12600000,2021
Sterling Brown,SF,Houston Rockets,1620564,2021
JaMychal Green,F,Denver Nuggets,7199760,2021
Hassan Whiteside,C,Sacramento Kings,1620564,2021
Tyrese Maxey,PG,Philadelphia 76ers,2478840,2021
Kenrich Williams,SF,Oklahoma City Thunder,2000000,2021
Robert Williams,C,Boston Celtics,"1,663,861.00",2021
Austin Rivers,SG,Denver Nuggets,188696,2021
Isaiah Stewart,C,Detroit Pistons,3121080,2021
Willy Hernangomez,C,New Orleans Pelicans,1620564,2021
Anfernee Simons,SG,Portland Trail Blazers,2252040,2021
D.J. Augustin,G,Houston Rockets,6666667,2021
Ben McLemore,SG,Los Angeles Lakers,2283034,2021
PJ Dozier,G,Denver Nuggets,1762796,2021
Mike James,PG,Brooklyn Nets,39608,2021
Naji Marshall,SF,New Orleans Pelicans,120000,2021
Payton Pritchard,PG,Boston Celtics,2193480,2021
Tomas Satoransky,SG,Chicago Bulls,10000000,2021
Steven Adams,C,New Orleans Pelicans,29592696,2021
Garrett Temple,SF,Chicago Bulls,4767000,2021
Henry Ellenson,PF,Brooklyn Nets,"1,737,145.00",2021
Jaxson Hayes,C,New Orleans Pelicans,5105160,2021
DeAndre Jordan,C,Brooklyn Nets,10375678,2021
Edmond Sumner,PG,Indiana Pacers,2160000,2021
JJ Redick,SG,Dallas Mavericks,13013700,2021
Jalen Harris,PG,G League,"449,115.00",2021
JaVale McGee,C,Denver Nuggets,4200000,2021
Louis King,SF,Detroit Pistons,"500,000.00",2021
Khem Birch,C,Toronto Raptors,3000000,2021
James Johnson,PF,New Orleans Pelicans,16047100,2021
Justin Jackson,SF,Oklahoma City Thunder,"2,389,641.00",2021
Kent Bazemore,SF,Golden State Warriors,1620564,2021
Juancho Hernangomez,PF,Minnesota Timberwolves,6493000,2021
Tony Bradley,C,Oklahoma City Thunder,3542060,2021
Maxi Kleber,PF,Dallas Mavericks,8325000,2021
Ignas Brazdeikis,SF,Orlando Magic,49510,2021
Daniel Gafford,C,Washington Wizards,1517981,2021
Draymond Green,PF,Golden State Warriors,22246956,2021
Dwight Howard,C,Philadelphia 76ers,1620564,2021
R.J. Hampton,G,Orlando Magic,2193040,2021
Moritz Wagner,C,Orlando Magic,221995,2021
Gorgui Dieng,C,San Antonio Spurs,1000000,2021
Pat Connaughton,SG,Milwaukee Bucks,4938272,2021
Killian Hayes,G,Detroit Pistons,5307120,2021
Derrick Jones Jr.,SF,Portland Trail Blazers,9258000,2021
Jaden McDaniels,PF,Minnesota Timberwolves,1964760,2021
Dennis Smith Jr.,PG,Detroit Pistons,5686677,2021
Jeff Teague,PG,Milwaukee Bucks,510589,2021
Damyean Dotson,SG,Cleveland Cavaliers,2000000,2021
Markieff Morris,PF,Los Angeles Lakers,1620564,2021
Abdel Nader,SF,Phoenix Suns,1752950,2021
Alex Len,C,Washington Wizards,1265372,2021
Trey Burke,PG,Dallas Mavericks,3000000,2021
Nic Claxton,C,Brooklyn Nets,1517981,2021
Frank Kaminsky,PF,Phoenix Suns,1620564,2021
Nemanja Bjelica,PF,Miami Heat,432890,2021
Marquese Chriss,SF,Golden State Warriors,1824003,2021
Damion Lee,SG,Golden State Warriors,1762796,2021
Chasson Randle,PG,G League/Overseas,"279,927.00",2021
Denzel Valentine,G,Chicago Bulls,4642800,2021
Avery Bradley,PG,Houston Rockets,5635000,2021
Alex Caruso,SG,Los Angeles Lakers,2750000,2021
Kira Lewis Jr.,G,New Orleans Pelicans,3640200,2021
Timothe Luwawu-Cabarrot,SG,Brooklyn Nets,654469,2021
Deni Avdija,SF,Washington Wizards,4469160,2021
Tyus Jones,PG,Memphis Grizzlies,8817143,2021
Frank Mason III,PG,G League,"449,115.00",2021
Aron Baynes,C,Toronto Raptors,7000000,2021
Facundo Campazzo,PG,Denver Nuggets,"1,525,000.00",2021
Robert Franks,PF,G League,"1,445,697.00",2021
Jaylen Hoard,SF,G League/Overseas,"129,209.00",2021
Max Strus,SG,Miami Heat,898310,2021
Dakota Mathias,SG,G League,"86,132.00",2021
Dean Wade,PF,Cleveland Cavaliers,1517981,2021
Dwight Powell,C,Dallas Mavericks,11080125,2021
Rodney McGruder,G,Detroit Pistons,5192307,2021
Juan Toscano-Anderson,F,Golden State Warriors,358295,2021
Yogi Ferrell,PG,LA Clippers,214169,2021
Freddie Gillespie,SF,Toronto Raptors,116903,2021
Donta Hall,C,G League,0,2021
Mychal Mulder,G,Golden State Warriors,1517981,2021
Torrey Craig,SF,Phoenix Suns,1620564,2021
Brad Wanamaker,PG,Charlotte Hornets,2250000,2021
Jabari Parker,PF,Boston Celtics,430729,2021
Anthony Lamb,SF,Houston Rockets,"500,000.00",2021
Devin Vassell,SG,San Antonio Spurs,4033440,2021
Rajon Rondo,PG,LA Clippers,7500000,2021
Derrick Favors,F,Utah Jazz,9258000,2021
Taj Gibson,F,New York Knicks,1442968,2021
Tyler Johnson,G,Brooklyn Nets,1620564,2021
Jahlil Okafor,C,Detroit Pistons,1882867,2021
Justin Patton,C,G League,0,2021
Mason Jones,PG,Houston Rockets,"500,000.00",2021
Willie Cauley-Stein,C,Dallas Mavericks,4100000,2021
Jarrett Culver,G,Minnesota Timberwolves,6104280,2021
Glenn Robinson III,F,Sacramento Kings,1620564,2021
Tony Snell,SF,Atlanta Hawks,12178571,2021
Maurice Harkless,SF,Sacramento Kings,3623000,2021
D.J. Wilson,F,Houston Rockets,4548280,2021
Alize Johnson,F,Brooklyn Nets,399591,2021
Patrick Patterson,PF,LA Clippers,3077704,2021
Dylan Windler,G,Cleveland Cavaliers,2137440,2021
Isaiah Hartenstein,C,Cleveland Cavaliers,1620564,2021
Sekou Doumbouya,SF,Detroit Pistons,3449400,2021
Jake Layman,F,Minnesota Timberwolves,3761085,2021
Nerlens Noel,C,New York Knicks,5000000,2021
Marc Gasol,C,Los Angeles Lakers,2564753,2021
Jordan McLaughlin,PG,Minnesota Timberwolves,"1,517,981.00",2021
Tyler Cook,F,Brooklyn Nets,396081,2021
Brandon Goodwin,G,Atlanta Hawks,1701593,2021
E'Twaun Moore,G,Phoenix Suns,1620564,2021
Jerome Robinson,SG,Washington Wizards,3737520,2021
Langston Galloway,SG,Phoenix Suns,1620564,2021
Wesley Matthews,SG,Los Angeles Lakers,3623000,2021
Gabe Vincent,PG,Miami Heat,"1,663,861.00",2021
Damian Jones,C,Sacramento Kings,237965,2021
Joel Embiid,C,Philadelphia 76ers,31579390,2022
LeBron James,SF,Los Angeles Lakers,41180544,2022
Giannis Antetokounmpo,PF,Milwaukee Bucks,39344970,2022
Trae Young,PG,Atlanta Hawks,8326471,2022
DeMar DeRozan,SF,Chicago Bulls,26000000,2022
Ja Morant,PG,Memphis Grizzlies,9603360,2022
Nikola Jokic,C,Denver Nuggets,31579390,2022
Jayson Tatum,SF,Boston Celtics,28103500,2022
Devin Booker,SG,Phoenix Suns,31650600,2022
Donovan Mitchell,SG,Utah Jazz,28103500,2022
Stephen Curry,PG,Golden State Warriors,45780966,2022
Karl-Anthony Towns,C,Minnesota Timberwolves,31650600,2022
Shai Gilgeous-Alexander,PG,Oklahoma City Thunder,5495532,2022
Paul George,F,LA Clippers,39344900,2022
Damian Lillard,PG,Portland Trail Blazers,39344900,2022
Jaylen Brown,SG,Boston Celtics,26758928,2022
Bradley Beal,SG,Washington Wizards,33724200,2022
Brandon Ingram,SF,New Orleans Pelicans,29467800,2022
CJ McCollum,SG,New Orleans Pelicans,30864198,2022
James Harden,SG,Philadelphia 76ers,44310840,2022
Darius Garland,PG,Cleveland Cavaliers,7040880,2022
Anthony Edwards,SG,Minnesota Timberwolves,10245480,2022
Dejounte Murray,SG,San Antonio Spurs,15428880,2022
Tyler Herro,PG,Miami Heat,4004280,2022
Klay Thompson,SG,Golden State Warriors,37980720,2022
Fred VanVleet,PG,Toronto Raptors,19675926,2022
Kristaps Porzingis,C,Washington Wizards,31650600,2022
Miles Bridges,SF,Charlotte Hornets,5421493,2022
LaMelo Ball,PG,Charlotte Hornets,8231760,2022
Julius Randle,PF,New York Knicks,21780000,2022
Jerami Grant,SF,Detroit Pistons,20002500,2022
Bam Adebayo,C,Miami Heat,28103500,2022
Malcolm Brogdon,PG,Indiana Pacers,21700000,2022
Norman Powell,G,LA Clippers,15517241,2022
Domantas Sabonis,PF,Sacramento Kings,19800000,2022
Jordan Poole,SG,Golden State Warriors,2161440,2022
Dillon Brooks,SF,Memphis Grizzlies,12200000,2022
Jrue Holiday,PG,Milwaukee Bucks,32413333,2022
Desmond Bane,SG,Memphis Grizzlies,2033160,2022
Christian Wood,F,Houston Rockets,13666667,2022
Tyrese Maxey,PG,Philadelphia 76ers,2602920,2022
Cade Cunningham,PG,Detroit Pistons,10050120,2022
Jalen Green,SG,Houston Rockets,8992200,2022
Anfernee Simons,SG,Portland Trail Blazers,3938818,2022
Deandre Ayton,C,Phoenix Suns,12632950,2022
Luguentz Dort,G,Oklahoma City Thunder,1782621,2022
Tobias Harris,F,Philadelphia 76ers,35995950,2022
Caris LeVert,SG,Cleveland Cavaliers,17500000,2022
Keldon Johnson,SF,San Antonio Spurs,2145720,2022
Harrison Barnes,SF,Sacramento Kings,20284091,2022
Cole Anthony,PG,Orlando Magic,3449400,2022
Jalen Brunson,PG,Dallas Mavericks,1802057,2022
Jaren Jackson Jr.,PF,Memphis Grizzlies,9180560,2022
John Collins,PF,Atlanta Hawks,23000000,2022
Jordan Clarkson,G,Utah Jazz,12420000,2022
Collin Sexton,PG,Cleveland Cavaliers,6439671,2022
Buddy Hield,SG,Indiana Pacers,22768890,2022
Rudy Gobert,C,Utah Jazz,35344828,2022
Tyrese Haliburton,PG,Indiana Pacers,4023600,2022
Scottie Barnes,SF,Toronto Raptors,7280520,2022
Franz Wagner,SF,Orlando Magic,5007840,2022
Seth Curry,SG,Brooklyn Nets,8207518,2022
Evan Mobley,PF,Cleveland Cavaliers,8075160,2022
Kelly Oubre Jr.,SG,Charlotte Hornets,12000000,2022
Josh Hart,SG,Portland Trail Blazers,12000000,2022
Lauri Markkanen,PF,Cleveland Cavaliers,15690909,2022
Jaylen Hoard,SF,G League/Overseas,0,2022
Chris Paul,PG,Phoenix Suns,30000000,2022
Bobby Portis,F,Milwaukee Bucks,4347600,2022
Tim Hardaway Jr.,SF,Dallas Mavericks,21308816,2022
Malik Monk,SG,Los Angeles Lakers,1669178,2022
Spencer Dinwiddie,PG,Dallas Mavericks,17142857,2022
Dennis Schroder,PG,Houston Rockets,5890000,2022
Carmelo Anthony,PF,Los Angeles Lakers,1669178,2022
Derrick White,PG,Boston Celtics,15178571,2022
Kentavious Caldwell-Pope,SG,Washington Wizards,13038862,2022
Montrezl Harrell,C,Charlotte Hornets,9720900,2022
Chris Duarte,SG,Indiana Pacers,3749400,2022
Ricky Rubio,PG,Cleveland Cavaliers,17800000,2022
Lonzo Ball,PG,Chicago Bulls,18604651,2022
Myles Turner,C,Indiana Pacers,18000000,2022
Brandon Williams,PG,Portland Trail Blazers,0,2022
Coby White,PG,Chicago Bulls,5837760,2022
Josh Giddey,SG,Oklahoma City Thunder,5988000,2022
Brook Lopez,C,Milwaukee Bucks,13302325,2022
Devin Vassell,SG,San Antonio Spurs,4235160,2022
Lonnie Walker IV,G,San Antonio Spurs,4447896,2022
Jalen Suggs,SG,Orlando Magic,6593040,2022
Jae'Sean Tate,SF,Houston Rockets,1517981,2022
Kemba Walker,PG,New York Knicks,8729020,2022
Cameron Oliver,PF,G League/Overseas,0,2022
Patty Mills,PG,Brooklyn Nets,5890000,2022
Marvin Bagley III,F,Detroit Pistons,11312114,2022
Joe Harris,SF,Brooklyn Nets,17357143,2022
Grayson Allen,SG,Milwaukee Bucks,4054695,2022
Clint Capela,C,Atlanta Hawks,18603448,2022
Zavier Simpson,PG,G League,0,2022
Duncan Robinson,F,Miami Heat,15650000,2022
Markelle Fultz,PG,Orlando Magic,16500000,2022
De'Anthony Melton,SG,Memphis Grizzlies,8805976,2022
Melvin Frazier,SG,G League/Overseas,0,2022
Cedi Osman,SF,Cleveland Cavaliers,8133334,2022
Nickeil Alexander-Walker,SG,Utah Jazz,3261480,2022
Frank Jackson,G,Detroit Pistons,3000000,2022
Frank Kaminsky,PF,Phoenix Suns,1669178,2022
Max Strus,SG,Miami Heat,1669178,2022
Trey Lyles,PF,Sacramento Kings,2500000,2022
Brandon Clarke,PF,Memphis Grizzlies,2726880,2022
Jeff Green,PF,Denver Nuggets,4500000,2022
Ivica Zubac,C,LA Clippers,7518518,2022
Josh Richardson,SG,San Antonio Spurs,11615328,2022
Al Horford,C,Boston Celtics,27000000,2022
Cam Reddish,SF,New York Knicks,4670160,2022
Justin Holiday,SF,Sacramento Kings,6006420,2022
Isaiah Roby,PF,Oklahoma City Thunder,1782621,2022
Devin Cannady,SG,G League,0,2022
Talen Horton-Tucker,SF,Los Angeles Lakers,9500000,2022
Robert Williams,C,Boston Celtics,"2,217,000.00",2022
Eric Bledsoe,SG,LA Clippers,18125000,2022
Pat Connaughton,SG,Milwaukee Bucks,5333334,2022
Michael Porter Jr.,F,Denver Nuggets,5258735,2022
Duane Washington Jr.,PG,Indiana Pacers,950000,2022
Nassir Little,SF,Portland Trail Blazers,2316240,2022
Alperen Sengun,C,Houston Rockets,3214680,2022
Terry Taylor,F,Indiana Pacers,600000,2022
Herbert Jones,SF,New Orleans Pelicans,1700000,2022
Chris Boucher,PF,Toronto Raptors,7020000,2022
Jae Crowder,PF,Phoenix Suns,9720900,2022
Jaxson Hayes,C,New Orleans Pelicans,5348280,2022
Jonathan Kuminga,PF,Golden State Warriors,5466360,2022
Jalen Smith,PF,Indiana Pacers,4458000,2022
Reggie Perry,PF,Brooklyn Nets,0,2022
Jaden McDaniels,PF,Minnesota Timberwolves,2063280,2022
Oshae Brissett,SF,Indiana Pacers,1701593,2022
Willy Hernangomez,C,New Orleans Pelicans,2327220,2022
Donte DiVincenzo,SG,Sacramento Kings,4675830,2022
DeMarcus Cousins,C,Denver Nuggets,431684,2022
Amir Coffey,SG,Los Angeles Clippers,0,2022
Obi Toppin,PF,New York Knicks,5105160,2022
Patrick Williams,PF,Chicago Bulls,7422000,2022
Bryn Forbes,SG,Denver Nuggets,4500000,2022
Ayo Dosunmu,SG,Chicago Bulls,925258,2022
Isaac Okoro,SF,Cleveland Cavaliers,6720720,2022
Nic Claxton,C,Brooklyn Nets,1782621,2022
Tyus Jones,PG,Memphis Grizzlies,8376286,2022
Dwight Powell,C,Dallas Mavericks,11080125,2022
Gabe Vincent,PG,Miami Heat,1669178,2022
Reggie Bullock,SG,Dallas Mavericks,"4,676,905.00",2022
Robert Covington,PF,LA Clippers,12975471,2022
T.J. McConnell,PG,Indiana Pacers,7500000,2022
Mitchell Robinson,C,New York Knicks,1802057,2022
Cam Thomas,SG,Brooklyn Nets,2036280,2022
Isaiah Thomas,PG,Charlotte Hornets/Los Angeles Lakers,0,2022
Deni Avdija,SF,Washington Wizards,4692840,2022
Lance Stephenson,G,Indiana Pacers,642729,2022
Isaiah Jackson,SF,Indiana Pacers,2451240,2022
Naz Reid,C,Minnesota Timberwolves,1782621,2022
Landry Shamet,SG,Phoenix Suns,3768342,2022
Isaiah Stewart,C,Detroit Pistons,3277080,2022
Aaron Wiggins,SG,Oklahoma City Thunder,0,2022
Daniel Theis,C,Boston Celtics,8280351,2022
Corey Kispert,SF,Washington Wizards,3383640,2022
Onyeka Okongwu,PF,Atlanta Hawks,6104280,2022
Hassan Whiteside,C,Utah Jazz,1669178,2022
Rudy Gay,SF,Utah Jazz,5890000,2022
Ziaire Williams,F,Memphis Grizzlies,4373040,2022
Malik Newman,PG,G League,0,2022
Andre Drummond,C,Brooklyn Nets,1669178,2022
Josh Christopher,SG,Houston Rockets,2259240,2022
Drew Eubanks,PF,Portland Trail Blazers,1762796,2022
Kris Dunn,G,Portland Trail Blazers,5005350,2022
Furkan Korkmaz,SG,Philadelphia 76ers,4629630,2022
Markieff Morris,PF,Miami Heat,1669178,2022
P.J. Tucker,PF,Miami Heat,7000000,2022
Trendon Watford,PF,Portland Trail Blazers,436482,2022
Goran Dragic,PG,Brooklyn Nets,460463,2022
Draymond Green,PF,Golden State Warriors,24026712,2022
Raul Neto,PG,Washington Wizards,1669178,2022
Jeremiah Robinson-Earl,F,Oklahoma City Thunder,2000000,2022
Alex Caruso,SG,Chicago Bulls,8650651,2022
Jared Harper,PG,G League,0,2022
Damion Lee,SG,Golden State Warriors,1910860,2022
Kenrich Williams,SF,Oklahoma City Thunder,2000000,2022
Jeremy Lamb,SG,Sacramento Kings,10500000,2022
Wes Iwundu,F,Atlanta Hawks,1824003,2022
Austin Reaves,SG,Los Angeles Lakers,925258,2022
Keon Johnson,G,Portland Trail Blazers,2553120,2022
Braxton Key,SF,G League,0,2022
Joe Ingles,SG,Utah Jazz,13036364,2022
Ty Jerome,SG,Oklahoma City Thunder,2412840,2022
Robin Lopez,C,Orlando Magic,5000000,2022
Theo Maledon,PG,Oklahoma City Thunder,2000000,2022
Larry Nance Jr.,PF,New Orleans Pelicans,10690909,2022
Sekou Doumbouya,SF,Los Angeles Lakers,3613680,2022
Maxi Kleber,PF,Dallas Mavericks,8975000,2022
Olivier Sarr,C,Oklahoma City Thunder,0,2022
Steven Adams,C,Memphis Grizzlies,17073171,2022
Killian Hayes,G,Detroit Pistons,5572680,2022
Serge Ibaka,F,Milwaukee Bucks,9720900,2022
Brandon Boston Jr.,SG,Los Angeles Clippers,0,2022
Wayne Ellington,SG,Los Angeles Lakers,1669178,2022
Stanley Johnson,SF,Los Angeles Lakers,888616,2022
Georgios Kalaitzakis,SF,Oklahoma City Thunder,925258,2022
Torrey Craig,SF,Phoenix Suns,4878049,2022
Zeke Nnaji,PF,Denver Nuggets,2498760,2022
B.J. Johnson,SF,G League,0,2022
Josh Jackson,SG,Sacramento Kings,5005350,2022
Justin Anderson,SF,G League/Overseas,0,2022
JaMychal Green,F,Denver Nuggets,8200000,2022
Brandon Knight,PG,Dallas Mavericks,0,2022
Isaiah Livers,PF,Detroit Pistons,1057260,2022
Ish Smith,PG,Washington Wizards,4500000,2022
Aaron Holiday,G,Phoenix Suns,3980551,2022
Hassani Gravett,PG,G League,0,2022
Derrick Walton,PG,G League,0,2022
Chaundee Brown Jr.,SG,G League,0,2022
Thaddeus Young,F,Toronto Raptors,14190000,2022
Dwight Howard,C,Los Angeles Lakers,1669178,2022
Vit Krejci,G,Oklahoma City Thunder,925258,2022
Payton Pritchard,PG,Boston Celtics,2137440,2022
Day'Ron Sharpe,C,Brooklyn Nets,2009040,2022
Jose Alvarado,PG,New Orleans Pelicans,0,2022
Tristan Thompson,C,Chicago Bulls,1000000,2022
Kevon Looney,F,Golden State Warriors,5178572,2022
Danuel House Jr.,SF,Utah Jazz,565986,2022
Kessler Edwards,SF,Brooklyn Nets,0,2022
Kira Lewis Jr.,G,New Orleans Pelicans,3822240,2022
Carsen Edwards,PG,Detroit Pistons,1782621,2022
CJ Elleby,SG,Portland Trail Blazers,1517981,2022
Luka Garza,C,Detroit Pistons,925258,2022
Xavier Moon,PG,Los Angeles Clippers,0,2022
Eric Paschall,F,Utah Jazz,1782621,2022
Joshua Primo,G,San Antonio Spurs,3946800,2022
Cassius Stanley,SG,G League,0,2022
Justise Winslow,PF,Portland Trail Blazers,3902439,2022
Kelan Martin,SG,Boston Celtics,1701593,2022
Keita Bates-Diop,SF,San Antonio Spurs,1729217,2022
Naji Marshall,SF,New Orleans Pelicans,1517981,2022
Matisse Thybulle,SG,Philadelphia 76ers,2840160,2022
Davis Bertans,SF,Dallas Mavericks,16000000,2022
Derrick Jones Jr.,SF,Chicago Bulls,9720900,2022
Keifer Sykes,G,Indiana Pacers,558345,2022
Greg Monroe,C,Overseas,0,2022
Wenyen Gabriel,PF,Los Angeles Lakers,0,2022
PJ Dozier,G,Denver Nuggets,1910860,2022
Rodney McGruder,G,Detroit Pistons,1669178,2022
Trey Murphy III,SG,New Orleans Pelicans,3053760,2022
Armoni Brooks,SG,Houston Rockets,0,2022
D.J. Augustin,G,Los Angeles Lakers,393312,2022
Derrick Favors,F,Oklahoma City Thunder,9720900,2022
Dean Wade,PF,Cleveland Cavaliers,1782621,2022
Omer Yurtseven,C,Miami Heat,1489065,2022
Garrett Temple,SF,New Orleans Pelicans,4910000,2022
Cody Zeller,C,Portland Trail Blazers,"2,475,000.00",2022
DeAndre' Bembry,SG,Milwaukee Bucks,518021,2022
Trey Burke,PG,Dallas Mavericks,3150000,2022
Facundo Campazzo,PG,Denver Nuggets,"2,026,160.00",2022
Wesley Matthews,SG,Milwaukee Bucks,1237494,2022
David Nwaba,SF,Houston Rockets,4650000,2022
Joel Embiid,C,Philadelphia 76ers,33616770,2023
Damian Lillard,PG,Portland Trail Blazers,42492492,2023
Shai Gilgeous-Alexander,PG,Oklahoma City Thunder,30913750,2023
Giannis Antetokounmpo,PF,Milwaukee Bucks,42492492,2023
Jayson Tatum,SF,Boston Celtics,28103500,2023
Stephen Curry,PG,Golden State Warriors,48070014,2023
Kevin Durant,PF,Phoenix Suns,44119845,2023
LeBron James,SF,Los Angeles Lakers,44474988,2023
Donovan Mitchell,SG,Cleveland Cavaliers,30913750,2023
Devin Booker,SG,Phoenix Suns,33833400,2023
Kyrie Irving,PG,Dallas Mavericks,38917057,2023
Jaylen Brown,SG,Boston Celtics,28741071,2023
Ja Morant,PG,Memphis Grizzlies,9603360,2023
Trae Young,PG,Atlanta Hawks,37095000,2023
Zion Williamson,PF,New Orleans Pelicans,13534817,2023
Lauri Markkanen,PF,Utah Jazz,16475454,2023
Julius Randle,PF,New York Knicks,23760000,2023
Brandon Ingram,SF,New Orleans Pelicans,31650600,2023
Anthony Edwards,SG,Minnesota Timberwolves,10733400,2023
DeMar DeRozan,SF,Chicago Bulls,27300000,2023
Nikola Jokic,C,Denver Nuggets,33047804,2023
Jalen Brunson,PG,New York Knicks,27733332,2023
Paul George,F,LA Clippers,42492492,2023
Kawhi Leonard,SF,LA Clippers,42492492,2023
LaMelo Ball,PG,Charlotte Hornets,8623920,2023
Bradley Beal,SG,Washington Wizards,43279250,2023
Jalen Green,SG,Houston Rockets,9441840,2023
Keldon Johnson,SF,San Antonio Spurs,3873025,2023
Klay Thompson,SG,Golden State Warriors,40600080,2023
Darius Garland,PG,Cleveland Cavaliers,8920795,2023
Desmond Bane,SG,Memphis Grizzlies,2130240,2023
Anfernee Simons,SG,Portland Trail Blazers,22321429,2023
Jordan Clarkson,G,Utah Jazz,13340000,2023
Karl-Anthony Towns,C,Minnesota Timberwolves,33833400,2023
Jerami Grant,SF,Portland Trail Blazers,20955000,2023
Dejounte Murray,SG,Atlanta Hawks,16571120,2023
Bam Adebayo,C,Miami Heat,30351780,2023
Jordan Poole,SG,Golden State Warriors,3901399,2023
Tyrese Maxey,PG,Philadelphia 76ers,2726880,2023
Kelly Oubre Jr.,SG,Charlotte Hornets,12600000,2023
Mikal Bridges,SF,Brooklyn Nets,20100000,2023
Tyler Herro,PG,Miami Heat,5722116,2023
Paolo Banchero,PF,Orlando Magic,11055120,2023
Louis King,SF,Sacramento Kings,0,2022
Jamal Murray,PG,Denver Nuggets,31650000,2023
Cade Cunningham,PG,Detroit Pistons,10552800,2023
Jrue Holiday,PG,Milwaukee Bucks,33665040,2023
Fred VanVleet,PG,Toronto Raptors,21250000,2023
Jaren Jackson Jr.,PF,Memphis Grizzlies,28946605,2023
Franz Wagner,SF,Orlando Magic,5258280,2023
Devin Vassell,SG,San Antonio Spurs,4437000,2023
Deandre Ayton,C,Phoenix Suns,30913750,2023
Myles Turner,C,Indiana Pacers,35096500,2023
D'Angelo Russell,PG,Los Angeles Lakers,31377750,2023
Michael Porter Jr.,F,Denver Nuggets,30913750,2023
Spencer Dinwiddie,PG,Brooklyn Nets,19500000,2023
Bennedict Mathurin,SG,Indiana Pacers,6586800,2023
Josh Giddey,SG,Oklahoma City Thunder,6287280,2023
Christian Wood,F,Dallas Mavericks,14317460,2023
Jaden Ivey,PG,Detroit Pistons,7252200,2023
Evan Mobley,PF,Cleveland Cavaliers,8478720,2023
RaiQuan Gray,Unknown,Unknown,0,2023
Brook Lopez,C,Milwaukee Bucks,13906976,2023
Russell Westbrook,PG,LA Clippers,495955,2023
Cameron Johnson,SF,Brooklyn Nets,5887899,2023
Scottie Barnes,SF,Toronto Raptors,7644720,2023
Skylar Mays,Unknown,Unknown,0,2023
Harrison Barnes,SF,Sacramento Kings,18352273,2023
Malcolm Brogdon,PG,Boston Celtics,22600000,2023
Alperen Sengun,C,Houston Rockets,3375480,2023
Tobias Harris,F,Philadelphia 76ers,37633050,2023
Trey Murphy III,SG,New Orleans Pelicans,3206640,2023
Tim Hardaway Jr.,SF,Dallas Mavericks,19602273,2023
Dillon Brooks,SF,Memphis Grizzlies,11400000,2023
Collin Sexton,PG,Utah Jazz,16500000,2023
Bobby Portis,F,Milwaukee Bucks,10843350,2023
Jalen Williams,F,Oklahoma City Thunder,4341480,2023
Markelle Fultz,PG,Orlando Magic,16500000,2023
Chris Paul,PG,Phoenix Suns,28400000,2023
Saddiq Bey,SF,Atlanta Hawks,2959080,2023
Luguentz Dort,G,Oklahoma City Thunder,15277778,2023
Malik Monk,SG,Sacramento Kings,9472219,2023
Rudy Gobert,C,Minnesota Timberwolves,38172414,2023
Kris Dunn,G,Utah Jazz,735819,2023
John Collins,PF,Atlanta Hawks,23500000,2023
Cole Anthony,PG,Orlando Magic,3613680,2023
Austin Reaves,SG,Los Angeles Lakers,1563518,2023
Jabari Smith Jr.,PF,Houston Rockets,8882640,2023
Malik Beasley,SG,Los Angeles Lakers,15558035,2023
Nic Claxton,C,Brooklyn Nets,8500000,2023
Jakob Poeltl,C,Toronto Raptors,9398148,2023
Mac McClung,Unknown,Unknown,0,2023
Eric Gordon,Unknown,Unknown,0,2023
Keegan Murray,SF,Sacramento Kings,8008440,2023
Jaden McDaniels,PF,Minnesota Timberwolves,2161440,2023
Clint Capela,C,Atlanta Hawks,18706896,2023
Mike Conley,PG,Minnesota Timberwolves,22680000,2023
Bones Hyland,PG,LA Clippers,2201520,2023
Lonnie Walker IV,G,Los Angeles Lakers,6479000,2023
Naz Reid,C,Minnesota Timberwolves,1930681,2023
Max Strus,SG,Miami Heat,1815677,2023
John Wall,PG,LA Clippers,6479000,2023
Isaiah Stewart,C,Detroit Pistons,3433320,2023
Rui Hachimura,PF,Los Angeles Lakers,6263188,2023
Corey Kispert,SF,Washington Wizards,3552960,2023
Jeremy Sochan,F,San Antonio Spurs,5063520,2023
Mason Plumlee,C,LA Clippers,9080417,2023
Kentavious Caldwell-Pope,SG,Denver Nuggets,14004703,2023
Ivica Zubac,C,LA Clippers,10123457,2023
Talen Horton-Tucker,SF,Utah Jazz,10260000,2023
Cam Thomas,SG,Brooklyn Nets,2138160,2023
Jeenathan Williams,Unknown,Unknown,0,2023
Grayson Allen,SG,Milwaukee Bucks,8500000,2023
Killian Hayes,G,Detroit Pistons,5572680,2023
Tyus Jones,PG,Memphis Grizzlies,1500000,2023
Reggie Jackson,PG,Denver Nuggets,580373,2023
Malaki Branham,G,San Antonio Spurs,2925600,2023
Patrick Williams,PF,Chicago Bulls,7775400,2023
Josh Richardson,SG,New Orleans Pelicans,11615328,2023
De'Anthony Melton,SG,Philadelphia 76ers,8250000,2023
Aaron Nesmith,SF,Indiana Pacers,3804360,2023
James Wiseman,C,Detroit Pistons,9603360,2023
Brandon Clarke,PF,Memphis Grizzlies,4343920,2023
Jonathan Kuminga,PF,Golden State Warriors,5739860,2023
Onyeka Okongwu,PF,Atlanta Hawks,6395160,2023
Luka Samanic,F,Utah Jazz,2959080,2023
Shaedon Sharpe,SG,Portland Trail Blazers,6012960,2023
Jalen Suggs,SG,Orlando Magic,6922320,2023
Thomas Bryant,C,Denver Nuggets,1836090,2023
Josh Hart,SG,New York Knicks,12960000,2023
Al Horford,C,Boston Celtics,26500000,2023
Herbert Jones,SF,New Orleans Pelicans,1785000,2023
Julian Champagnie,Unknown,Unknown,0,2023
Cam Reddish,SF,Portland Trail Blazers,5954454,2023
Keita Bates-Diop,SF,San Antonio Spurs,1878720,2023
Coby White,PG,Chicago Bulls,7413955,2023
Isaiah Joe,SG,Oklahoma City Thunder,1836090,2023
Andrew Nembhard,PG,Indiana Pacers,2244111,2023
Jalen McDaniels,F,Philadelphia 76ers,1930681,2023
Chris Boucher,PF,Toronto Raptors,12690000,2023
Gabe Vincent,PG,Miami Heat,1815677,2023
Luke Kennard,SG,Memphis Grizzlies,14415545,2023
Tari Eason,F,Houston Rockets,3309160,2023
Deni Avdija,SF,Washington Wizards,4916160,2023
Walker Kessler,C,Utah Jazz,2696400,2023
Bol Bol,C,Orlando Magic,2200000,2023
Jalen Duren,C,Detroit Pistons,4124280,2023
Josh Green,SG,Dallas Mavericks,3098400,2023
Naji Marshall,SF,New Orleans Pelicans,1782621,2023
Jae'Sean Tate,SF,Houston Rockets,7065217,2023
Santi Aldama,PF,Memphis Grizzlies,2094240,2023
Jose Alvarado,PG,New Orleans Pelicans,1563518,2023
Mark Williams,C,Charlotte Hornets,3722040,2023
AJ Griffin,F,Atlanta Hawks,3536160,2023
Jaden Hardy,G,Dallas Mavericks,1017781,2023
Shaquille Harrison,Unknown,Unknown,0,2023
Jordan Nwora,SF,Indiana Pacers,3000000,2023
T.J. McConnell,PG,Indiana Pacers,8100000,2023
Cedi Osman,SF,Cleveland Cavaliers,7426088,2023
Landry Shamet,SG,Phoenix Suns,9500000,2023
Steven Adams,C,Memphis Grizzlies,17926829,2023
Ayo Dosunmu,SG,Chicago Bulls,1563518,2023
Draymond Green,PF,Golden State Warriors,25806468,2023
Dorian Finney-Smith,PF,Brooklyn Nets,12939648,2023
Terrence Ross,G,Phoenix Suns,580373,2023
Kevin Love,PF,Miami Heat,3114138,2023
Damion Lee,SG,Phoenix Suns,1836090,2023
Jevon Carter,PG,Milwaukee Bucks,2100000,2023
Kemba Walker,PG,Dallas Mavericks,1392896,2023
Kenrich Williams,SF,Oklahoma City Thunder,2000000,2023
Robert Williams,Unknown,Unknown,0,2023
Gabe York,Unknown,Unknown,0,2023
Jarred Vanderbilt,PF,Los Angeles Lakers,4374000,2023
Chris Duarte,SG,Indiana Pacers,3936960,2023
Duane Washington Jr.,PG,Phoenix Suns,1563518,2023
Jeff Green,PF,Denver Nuggets,4500000,2023
Pat Connaughton,SG,Milwaukee Bucks,5728393,2023
Joe Harris,SF,Brooklyn Nets,18642857,2023
T.J. Warren,SF,Phoenix Suns,1836090,2023
Devonte' Graham,PG,San Antonio Spurs,11550000,2023
Mitchell Robinson,C,New York Knicks,17045454,2023
Obi Toppin,PF,New York Knicks,5348280,2023
Trendon Watford,PF,Portland Trail Blazers,1563518,2023
Jay Huff,Unknown,Unknown,0,2023
Reggie Bullock,Unknown,Unknown,0,2023
Isaiah Jackson,SF,Indiana Pacers,2573760,2023
Kendrick Nunn,G,Washington Wizards,5250000,2023
Troy Brown Jr.,SF,Los Angeles Lakers,1836090,2023
Edmond Sumner,PG,Brooklyn Nets,1968175,2023
Lindell Wigginton,Unknown,Unknown,0,2023
Eugene Omoruyi,F,Detroit Pistons,555402,2023
Chance Comanche,Unknown,Unknown,0,2023
Kevon Looney,F,Golden State Warriors,8000000,2023
Joshua Primo,G,San Antonio Spurs,4144320,2023
Svi Mykhailiuk,SG,Charlotte Hornets,1836090,2023
Jae Crowder,PF,Milwaukee Bucks,10183000,2023
Willy Hernangomez,C,New Orleans Pelicans,2443581,2023
Joe Ingles,SG,Milwaukee Bucks,6479000,2023
Ty Jerome,Unknown,Unknown,0,2023
Romeo Langford,SG,San Antonio Spurs,5634257,2023
Will Barton,G,Toronto Raptors,432642,2023
Jeremiah Robinson-Earl,F,Oklahoma City Thunder,2000000,2023
Aaron Wiggins,SG,Oklahoma City Thunder,1563518,2023
Anthony Lamb,Unknown,Unknown,0,2023
Isaiah Livers,PF,Detroit Pistons,1563518,2023
Theo Maledon,PG,Charlotte Hornets,1900000,2023
Dwight Powell,C,Dallas Mavericks,11080125,2023
Kevin Knox,Unknown,Unknown,0,2023
Mo Bamba,C,Los Angeles Lakers,10300000,2023
Jock Landale,C,Phoenix Suns,1563518,2023
Nassir Little,SF,Portland Trail Blazers,4171548,2023
Brandon Boston Jr.,Unknown,Unknown,0,2023
Luka Garza,C,Minnesota Timberwolves,925258,2023
Jay Scrubb,Unknown,Unknown,0,2023
Cody Zeller,C,Miami Heat,517060,2023
Dario Saric,PF,Oklahoma City Thunder,9240000,2023
R.J. Hampton,G,Detroit Pistons,485403,2023
JaMychal Green,F,Golden State Warriors,1836090,2023
Sam Hauser,SF,Boston Celtics,1563518,2023
Isaac Okoro,SF,Cleveland Cavaliers,7040880,2023
Duncan Robinson,F,Miami Heat,16902000,2023
Goran Dragic,PG,Milwaukee Bucks,390433,2023
Patrick Beverley,PG,Chicago Bulls,357717,2023
Nickeil Alexander-Walker,SG,Minnesota Timberwolves,5009633,2023
Quenton Jackson,Unknown,Unknown,0,2023
Patty Mills,PG,Brooklyn Nets,6479000,2023
Sandro Mamukelashvili,PF,San Antonio Spurs,357717,2023
Mike Muscala,C,Boston Celtics,3500000,2023
Oshae Brissett,SF,Indiana Pacers,1846738,2023
Saben Lee,G,Philadelphia 76ers,1752638,2023
Maxi Kleber,PF,Dallas Mavericks,9000000,2023
Jaylin Williams,F,Oklahoma City Thunder,2000000,2023
Josh Christopher,SG,Houston Rockets,2372160,2023
Johnny Davis,G,Washington Wizards,4810320,2023
Stanley Johnson,SF,San Antonio Spurs,1245164,2023
Charles Bassey,C,San Antonio Spurs,2600000,2023
Rodney McGruder,G,Detroit Pistons,1836090,2023
Ziaire Williams,F,Memphis Grizzlies,4591680,2023
James Bouknight,SG,Charlotte Hornets,4362240,2023
Alex Caruso,SG,Chicago Bulls,9030000,2023
Jalen Johnson,SF,Atlanta Hawks,2792640,2023
Payton Pritchard,PG,Boston Celtics,2239200,2023
Yuta Watanabe,SF,Brooklyn Nets,1762796,2023
Danny Green,F,Cleveland Cavaliers,2000000,2023
Jarrell Brantley,PF,Utah Jazz,1669178,2023
Nikola Jokic,C,Denver Nuggets,33047804,2023
Jamal Cain,Unknown,Unknown,0,2023
Bryce McGowens,G,Charlotte Hornets,1075000,2023
Dewayne Dedmon,C,Philadelphia 76ers,580373,2023
Darius Bazley,F,Phoenix Suns,4264629,2023
Rudy Gay,SF,Utah Jazz,6184500,2023
Zeke Nnaji,PF,Denver Nuggets,2498760,2023
Ricky Rubio,PG,Cleveland Cavaliers,5853659,2023
MarJon Beauchamp,F,Milwaukee Bucks,2485200,2023
DeAndre Jordan,C,Denver Nuggets,1836090,2023
John Konchar,SG,Memphis Grizzlies,2300000,2023
George Hill,PG,Indiana Pacers,4000000,2023
Vlatko ƒåanƒçar,SF,Denver Nuggets,2234359,2023
Jaxson Hayes,C,New Orleans Pelicans,6803012,2023
Jonathan Isaac,PF,Orlando Magic,17400000,2023
Derrick Jones Jr.,SF,Chicago Bulls,3200000,2023
Sam Merrill,SG,Cleveland Cavaliers,850000,2023
Blake Wesley,G,San Antonio Spurs,2385480,2023
Ousmane Dieng,F,Oklahoma City Thunder,4569840,2023
Johnny Juzang,Unknown,Unknown,0,2023
Meyers Leonard,C,Milwaukee Bucks,284911,2023
Garrison Mathews,SG,Atlanta Hawks,2000000,2023
Moses Moody,SG,Golden State Warriors,3562200,2023
Christian Braun,G,Denver Nuggets,2808600,2023
Day'Ron Sharpe,C,Brooklyn Nets,2109480,2023
Dean Wade,PF,Cleveland Cavaliers,1930681,2023
TyTy Washington Jr.,G,Houston Rockets,2210040,2023
Gary Payton II,SG,Golden State Warriors,8300000,2023
Kira Lewis Jr.,G,New Orleans Pelicans,4004280,2023
Justin Holiday,SF,Dallas Mavericks,569821,2023
Goga Bitadze,C,Orlando Magic,612181,2023
Jarrett Culver,G,Atlanta Hawks,6395160,2023
A.J. Green,SG,Milwaukee Bucks,"508,891.00",2023
Haywood Highsmith,F,Miami Heat,1752638,2023
Joel Embiid,C,Philadelphia 76ers,46900000,2024
Giannis Antetokounmpo,PF,Milwaukee Bucks,45640084,2024
Shai Gilgeous-Alexander,PG,Oklahoma City Thunder,33386850,2024
Jalen Brunson,PG,New York Knicks,26346666,2024
Devin Booker,SG,Phoenix Suns,36016200,2024
Jayson Tatum,SF,Boston Celtics,32600060,2024
Donovan Mitchell,SG,Cleveland Cavaliers,33162030,2024
Stephen Curry,PG,Golden State Warriors,51915615,2024
Nikola Jokic,C,Denver Nuggets,47607350,2024
Anthony Edwards,SG,Minnesota Timberwolves,9219512,2024
Tyrese Maxey,PG,Philadelphia 76ers,4343920,2024
LeBron James,SF,Los Angeles Lakers,47607350,2024
Trae Young,PG,Atlanta Hawks,40064220,2024
Ja Morant,PG,Memphis Grizzlies,34005250,2024
Damian Lillard,PG,Milwaukee Bucks,45640084,2024
DeMar DeRozan,SF,Chicago Bulls,28600000,2024
Julius Randle,PF,New York Knicks,28226880,2024
LaMelo Ball,PG,Charlotte Hornets,10900635,2024
Desmond Bane,SG,Memphis Grizzlies,3845083,2024
Kawhi Leonard,SF,LA Clippers,45640084,2024
Lauri Markkanen,PF,Utah Jazz,17259999,2024
Jaylen Brown,SG,Boston Celtics,31830357,2024
Zion Williamson,PF,New Orleans Pelicans,34005250,2024
Cade Cunningham,PG,Detroit Pistons,11055240,2024
Paolo Banchero,PF,Orlando Magic,11608080,2024
Paul George,F,LA Clippers,45640084,2024
Anfernee Simons,SG,Portland Trail Blazers,24107143,2024
Jaren Jackson Jr.,PF,Memphis Grizzlies,27102202,2024
Dejounte Murray,SG,Atlanta Hawks,18214000,2024
Cam Thomas,SG,Brooklyn Nets,2240160,2024
Karl-Anthony Towns,C,Minnesota Timberwolves,36016200,2024
Pascal Siakam,PF,Indiana Pacers,37893408,2024
Victor Wembanyama,C,San Antonio Spurs,12160680,2024
Jamal Murray,PG,Denver Nuggets,33833400,2024
Alperen Sengun,C,Houston Rockets,3536280,2024
Miles Bridges,SF,Charlotte Hornets,7921301,2024
Jerami Grant,SF,Portland Trail Blazers,27586207,2024
Tyler Herro,PG,Miami Heat,27000000,2024
Brandon Ingram,SF,New Orleans Pelicans,33833400,2024
RJ Barrett,SG,Toronto Raptors,23883929,2024
Scottie Barnes,SF,Toronto Raptors,8008560,2024
Terry Rozier,SG,Miami Heat,22205221,2024
Franz Wagner,SF,Orlando Magic,5508720,2024
Jalen Green,SG,Houston Rockets,9891480,2024
Devin Vassell,SG,San Antonio Spurs,5887899,2024
Bam Adebayo,C,Miami Heat,32600060,2024
Coby White,PG,Chicago Bulls,11111111,2024
Jalen Williams,F,Oklahoma City Thunder,4558680,2024
Collin Sexton,PG,Utah Jazz,17325000,2024
Bradley Beal,SG,Phoenix Suns,46741590,2024
Darius Garland,PG,Cleveland Cavaliers,34005250,2024
Klay Thompson,SG,Golden State Warriors,43219440,2024
Jordan Poole,SG,Washington Wizards,27955357,2024
Fred VanVleet,PG,Houston Rockets,40806300,2024
Brandon Miller,F,Charlotte Hornets,10880400,2024
Tobias Harris,F,Philadelphia 76ers,39270150,2024
Jordan Clarkson,G,Utah Jazz,23487629,2024
Myles Turner,C,Indiana Pacers,20975000,2024
Immanuel Quickley,SG,Toronto Raptors,4171548,2024
Deandre Ayton,C,Portland Trail Blazers,32459438,2024
Michael Porter Jr.,F,Denver Nuggets,33386850,2024
Chet Holmgren,PF,Oklahoma City Thunder,10386000,2024
Jonathan Kuminga,PF,Golden State Warriors,6012840,2024
Jalen Johnson,SF,Atlanta Hawks,2925360,2024
Austin Reaves,SG,Los Angeles Lakers,12015150,2024
Shaedon Sharpe,SG,Portland Trail Blazers,6313800,2024
Malcolm Brogdon,PG,Portland Trail Blazers,22500000,2024
Keldon Johnson,SF,San Antonio Spurs,20000000,2024
Evan Mobley,PF,Cleveland Cavaliers,8882760,2024
Jaden Ivey,PG,Detroit Pistons,7641480,2024
Malik Monk,SG,Sacramento Kings,9945830,2024
Kelly Oubre Jr.,SG,Philadelphia 76ers,2019706,2024
Bojan Bogdanovic,SF,New York Knicks,20000000,2024
Keegan Murray,SF,Sacramento Kings,8409000,2024
John Collins,PF,Utah Jazz,25340000,2024
Trey Murphy III,SG,New Orleans Pelicans,3359280,2024
OG Anunoby,SF,New York Knicks,18642857,2024
Deni Avdija,SF,Washington Wizards,6263188,2024
GG Jackson II,SF,Memphis Grizzlies,"1,991,428",2024
Bennedict Mathurin,SG,Indiana Pacers,6916080,2024
Tim Hardaway Jr.,SF,Dallas Mavericks,17897728,2024
Dennis Schroder,PG,Brooklyn Nets,12405000,2024
Rudy Gobert,C,Minnesota Timberwolves,41000000,2024
Scoot Henderson,G,Portland Trail Blazers,9770880,2024
Jalen Duren,C,Detroit Pistons,4330680,2024
Bobby Portis,F,Milwaukee Bucks,11710818,2024
Jabari Smith Jr.,PF,Houston Rockets,9326520,2024
Grayson Allen,SG,Phoenix Suns,8925000,2024
Naz Reid,C,Minnesota Timberwolves,12950400,2024
Corey Kispert,SF,Washington Wizards,3722040,2024
Keyonte George,G,Utah Jazz,3889800,2024
P.J. Washington,PF,Dallas Mavericks,16847826,2024
Scotty Pippen Jr.,PG,Memphis Grizzlies,"559,782",2024
Duncan Robinson,F,Miami Heat,18154000,2024
Dillon Brooks,SF,Houston Rockets,22627671,2024
Mark Williams,C,Charlotte Hornets,3908160,2024
Jalen Suggs,SG,Orlando Magic,7252080,2024
Jrue Holiday,PG,Boston Celtics,36861707,2024
Brook Lopez,C,Milwaukee Bucks,25000000,2024
Josh Giddey,SG,Oklahoma City Thunder,6587040,2024
Cam Whitmore,F,Houston Rockets,3218160,2024
Harrison Barnes,SF,Sacramento Kings,17000000,2024
Ayo Dosunmu,SG,Chicago Bulls,6481481,2024
Aaron Nesmith,SF,Indiana Pacers,5634257,2024
Max Strus,SG,Cleveland Cavaliers,14487684,2024
Buddy Hield,SG,Philadelphia 76ers,19279841,2024
Tyus Jones,PG,Washington Wizards,14000000,2024
Jaime Jaquez Jr.,G,Miami Heat,3510600,2024
Nic Claxton,C,Brooklyn Nets,9625000,2024
Marvin Bagley III,F,Washington Wizards,12500000,2024
Ivica Zubac,C,LA Clippers,10933333,2024
Cole Anthony,PG,Orlando Magic,5539771,2024
Jeremy Sochan,F,San Antonio Spurs,5316960,2024
Clint Capela,C,Atlanta Hawks,20616000,2024
Brandon Clarke,PF,Memphis Grizzlies,12500000,2024
De'Anthony Melton,SG,Philadelphia 76ers,8000000,2024
Daniel Gafford,C,Dallas Mavericks,12402000,2024
Herbert Jones,SF,New Orleans Pelicans,12015150,2024
Luguentz Dort,G,Oklahoma City Thunder,15277778,2024
Isaiah Stewart,C,Detroit Pistons,5266713,2024
Bruce Brown,SF,Toronto Raptors,22000000,2024
Santi Aldama,PF,Memphis Grizzlies,2194200,2024
Simone Fontecchio,F,Detroit Pistons,3044872,2024
Spencer Dinwiddie,PG,Los Angeles Lakers,1554654,2024
Jaden McDaniels,PF,Minnesota Timberwolves,3901399,2024
Alec Burks,SG,New York Knicks,10489600,2024
Dalano Banton,G,Portland Trail Blazers,2019706,2024
Grant Williams,PF,Charlotte Hornets,12325581,2024
Obi Toppin,PF,Indiana Pacers,6803012,2024
T.J. McConnell,PG,Indiana Pacers,8700000,2024
Onyeka Okongwu,PF,Atlanta Hawks,8109063,2024
Kentavious Caldwell-Pope,SG,Denver Nuggets,14704938,2024
Alex Caruso,SG,Chicago Bulls,9460000,2024
Talen Horton-Tucker,SF,Utah Jazz,11020000,2024
Patrick Williams,PF,Chicago Bulls,9835881,2024
Vince Williams Jr.,G,Memphis Grizzlies,2232308,2024
Gordon Hayward,SF,Oklahoma City Thunder,31500000,2024
Kelly Olynyk,PF,Toronto Raptors,12195122,2024
Tari Eason,F,Houston Rockets,3527160,2024
Lonnie Walker IV,G,Brooklyn Nets,2019706,2024
Payton Pritchard,PG,Boston Celtics,4037278,2024
Amen Thompson,F,Houston Rockets,8809320,2024
Isaac Okoro,SF,Cleveland Cavaliers,8920795,2024
Tre Mann,PG,Charlotte Hornets,3191280,2024
Malaki Branham,G,San Antonio Spurs,3071880,2024
Andrew Nembhard,PG,Indiana Pacers,2131905,2024
Chris Paul,PG,Golden State Warriors,30800000,2024
Brandin Podziemski,G,Golden State Warriors,3352440,2024
Duop Reath,C,Portland Trail Blazers,1951220,2024
Sam Hauser,SF,Boston Celtics,1927896,2024
Jabari Walker,F,Portland Trail Blazers,1719864,2024
Dereck Lively II,C,Dallas Mavericks,4775640,2024
Ausar Thompson,F,Detroit Pistons,7977480,2024
Draymond Green,PF,Golden State Warriors,22321429,2024
Al Horford,C,Boston Celtics,10000000,2024
Derrick Jones Jr.,SF,Dallas Mavericks,2019706,2024
Gradey Dick,G,Toronto Raptors,4536720,2024
Tristan Vukcevic,Unknown,Unknown,0,2024
Bilal Coulibaly,SG,Washington Wizards,6614280,2024
Miles McBride,PG,New York Knicks,1836096,2024
Marcus Sasser,G,Detroit Pistons,2623680,2024
Josh Green,SG,Dallas Mavericks,4765339,2024
Isaiah Joe,SG,Oklahoma City Thunder,1997238,2024
Ziaire Williams,F,Memphis Grizzlies,4810200,2024
Kyle Lowry,PG,Philadelphia 76ers,2795839,2024
Walker Kessler,C,Utah Jazz,2831160,2024
Moses Moody,SG,Golden State Warriors,3918480,2024
Sam Merrill,SG,Cleveland Cavaliers,1997238,2024
Trayce Jackson-Davis,C,Golden State Warriors,"1,119,563",2024
Dante Exum,G,Dallas Mavericks,3000000,2024
Markelle Fultz,PG,Orlando Magic,17000000,2024
Jordan Hawkins,G,New Orleans Pelicans,4310160,2024
Royce O'Neale,PF,Phoenix Suns,9500000,2024
RaiQuan Gray,Unknown,Unknown,0,2024
Nikola Jokic,C,Denver Nuggets,47607350,2024
Precious Achiuwa,PF,New York Knicks,4379527,2024
Toumani Camara,PF,Portland Trail Blazers,"1,119,563",2024
Brice Sensabaugh,F,Utah Jazz,2448600,2024
Cameron Payne,PG,Philadelphia 76ers,6500000,2024
Christian Braun,G,Denver Nuggets,2949120,2024
Jaden Hardy,G,Dallas Mavericks,1719864,2024
Taylor Hendricks,F,Utah Jazz,5569920,2024
Paul Reed,F,Philadelphia 76ers,7723000,2024
Lamar Stevens,F,Memphis Grizzlies,1930681,2024
Johnny Juzang,Unknown,Unknown,0,2024
Jose Alvarado,PG,New Orleans Pelicans,1836096,2024
Naji Marshall,SF,New Orleans Pelicans,1930681,2024
Landry Shamet,SG,Washington Wizards,10250000,2024
Vasilije Miciƒá,G,Charlotte Hornets,7723000,2024
Jordan Nwora,SF,Toronto Raptors,3000000,2024
Quentin Grimes,SG,Detroit Pistons,2385720,2024
Javon Freeman-Liberty,Unknown,Unknown,0,2024
Evan Fournier,SG,Detroit Pistons,18857143,2024
Killian Hayes,G,Detroit Pistons,7413955,2024
Maozinha Pereira,Unknown,Unknown,0,2024
Trendon Watford,PF,Brooklyn Nets,2019706,2024
Aaron Wiggins,SG,Oklahoma City Thunder,1836096,2024
Christian Wood,F,Los Angeles Lakers,2709849,2024
Trey Jemison,Unknown,Unknown,0,2024
Jonathan Isaac,PF,Orlando Magic,17400000,2024
Cedi Osman,SF,San Antonio Spurs,6718842,2024
Day'Ron Sharpe,C,Brooklyn Nets,2210040,2024
Cason Wallace,G,Oklahoma City Thunder,5291000,2024
Robert Williams,C,Portland Trail Blazers,"11,571,429",2024
Davis Bertans,SF,Charlotte Hornets,17000000,2024
Jahmi'us Ramsey,Unknown,Unknown,0,2024
Peyton Watson,F,Denver Nuggets,2303520,2024
Amir Coffey,SG,LA Clippers,3666667,2024
Chimezie Metu,PF,Detroit Pistons,2019706,2024
Jordan Goodwin,Unknown,Unknown,0,2024
David Roddy,F,Phoenix Suns,2718240,2024
David Duke Jr.,Unknown,Unknown,0,2024
Jeff Green,PF,Houston Rockets,9600000,2024
Isaiah Jackson,SF,Indiana Pacers,2696280,2024
Marcus Morris,Unknown,Unknown,0,2024
Chris Boucher,PF,Toronto Raptors,11750000,2024
Bruno Fernando,F,Atlanta Hawks,2581522,2024
Daniel Theis,C,LA Clippers,1741126,2024
Jaylen Nowell,Unknown,Unknown,0,2024
Patrick Beverley,PG,Milwaukee Bucks,2019706,2024
Jae Crowder,PF,Milwaukee Bucks,2019760,2024
Haywood Highsmith,F,Miami Heat,1902137,2024
Vit Krejci,Unknown,Unknown,0,2024
Kris Murray,F,Portland Trail Blazers,2847480,2024
Zavier Simpson,Unknown,Unknown,0,2024
Tosan Evbuomwan,Unknown,Unknown,0,2024
Justin Champagnie,Unknown,Unknown,0,2024
Nick Smith Jr.,G,Charlotte Hornets,2463960,2024
Ochai Agbaji,G,Toronto Raptors,4114200,2024
Noah Clowney,F,Brooklyn Nets,3089520,2024
Dyson Daniels,G,New Orleans Pelicans,5784120,2024
Danilo Gallinari,Unknown,Unknown,0,2024
Pat Connaughton,SG,Milwaukee Bucks,9423869,2024
Craig Porter Jr.,G,Cleveland Cavaliers,1500000,2024
Mitchell Robinson,C,New York Knicks,15681818,2024
Malachi Flynn,PG,Detroit Pistons,3873025,2024
Doug McDermott,SF,Indiana Pacers,13750000,2024
Dexter Dennis,Unknown,Unknown,0,2024
Neemias Queta,Unknown,Unknown,0,2024
Ricky Council IV,Unknown,Unknown,0,2024
Kris Dunn,G,Utah Jazz,2586665,2024
Keon Ellis,Unknown,Unknown,0,2024
Matt Ryan,Unknown,Unknown,0,2024
Matisse Thybulle,SG,Portland Trail Blazers,10500000,2024
Sasha Vezenkov,F,Sacramento Kings,6341464,2024
Dean Wade,PF,Cleveland Cavaliers,5709877,2024
Darius Bazley,Unknown,Unknown,0,2024
Xavier Tillman Sr.,PF,Boston Celtics,"1,930,681",2024
Nicolas Batum,PF,Philadelphia 76ers,11710818,2024
Luke Kornet,C,Boston Celtics,2413304,2024
Stanley Umude,Unknown,Unknown,0,2024
Aleksej Pokusevski,Unknown,Unknown,0,2024
Bol Bol,C,Phoenix Suns,2019706,2024
Brandon Boston Jr.,Unknown,Unknown,0,2024
Seth Curry,SG,Charlotte Hornets,4000000,2024
Bryce McGowens,G,Charlotte Hornets,1719865,2024
Richaun Holmes,F,Washington Wizards,12046020,2024
Monte Morris,PG,Minnesota Timberwolves,9800926,2024
Jevon Carter,PG,Chicago Bulls,6190476,2024
Isaiah Livers,PF,Detroit Pistons,1836096,2024
Kobi Simmons,G,Toronto Raptors,2066585,2024
Jalen Wilson,Unknown,Unknown,0,2024
Jock Landale,C,Houston Rockets,8000000,2024
Kobe Bufkin,G,Atlanta Hawks,4094280,2024
DeJon Jarreau,Unknown,Unknown,0,2024
Kenrich Williams,SF,Oklahoma City Thunder,6175000,2024
Kenneth Lofton Jr.,Unknown,Unknown,0,2024
Anthony Black,G,Orlando Magic,7245480,2024
Omer Yurtseven,C,Utah Jazz,2800000,2024
Shake Milton,Unknown,Unknown,0,2024
Delon Wright,Unknown,Unknown,0,2024
A.J. Green,SG,Milwaukee Bucks,"2,108,016",2024
Kevon Looney,F,Golden State Warriors,7500000,2024
Taze Moore,Unknown,Unknown,0,2024
Julian Strawther,G,Denver Nuggets,2431080,2024
Bismack Biyombo,Unknown,Unknown,0,2024
Robert Covington,PF,Philadelphia 76ers,11692308,2024
Patrick Baldwin Jr.,F,Washington Wizards,2337720,2024
Dominick Barlow,Unknown,Unknown,0,2024
MarJon Beauchamp,F,Milwaukee Bucks,2609400,2024
Joe Ingles,SG,Orlando Magic,11000000,2024
Maxi Kleber,PF,Dallas Mavericks,11000000,2024
Jontay Porter,Unknown,Unknown,0,2024
Ben Sheppard,G,Indiana Pacers,2537160,2024
Blake Wesley,G,San Antonio Spurs,2504640,2024
Jeff Dowtin Jr.,Unknown,Unknown,0,2024
Jaxson Hayes,C,Los Angeles Lakers,2165000,2024
Caleb Houstan,G,Orlando Magic,2000000,2024
John Konchar,SG,Memphis Grizzlies,2400000,2024
Dru Smith,G,Miami Heat,1801769,2024
Thaddeus Young,Unknown,Unknown,0,2024
Shai Gilgeous-Alexander,PG,Oklahoma City Thunder,35859950,2025
Giannis Antetokounmpo,PF,Milwaukee Bucks,48787676,2025
Nikola Jokic,C,Denver Nuggets,51415938,2025
Luka Doncic,PG,Los Angeles Lakers,43031940,2025
Anthony Edwards,SG,Minnesota Timberwolves,42176400,2025
Jayson Tatum,SF,Boston Celtics,34848340,2025
Tyrese Maxey,PG,Philadelphia 76ers,35147000,2025
Cade Cunningham,PG,Detroit Pistons,13940658,2025
Jalen Brunson,PG,New York Knicks,24960001,2025
Paolo Banchero,PF,Orlando Magic,12160800,2025
Devin Booker,SG,Phoenix Suns,49205800,2025
LaMelo Ball,PG,Charlotte Hornets,35147000,2025
Damian Lillard,PG,Milwaukee Bucks,48787676,2025
Anthony Davis,PF,Dallas Mavericks,43219440,2025
Zion Williamson,PF,New Orleans Pelicans,36725670,2025
Stephen Curry,PG,Golden State Warriors,55761216,2025
LeBron James,SF,Los Angeles Lakers,48728845,2025
Karl-Anthony Towns,C,New York Knicks,49205800,2025
Victor Wembanyama,C,San Antonio Spurs,12768960,2025
Franz Wagner,SF,Orlando Magic,7007092,2025
Trae Young,PG,Atlanta Hawks,43031940,2025
Donovan Mitchell,SG,Cleveland Cavaliers,35410310,2025
Cam Thomas,SG,Brooklyn Nets,4041249,2025
Tyler Herro,PG,Miami Heat,29000000,2025
Joel Embiid,C,Philadelphia 76ers,51415938,2025
De'Aaron Fox,PG,San Antonio Spurs,34848340,2025
Zach LaVine,SG,Sacramento Kings,44531940,2025
Ja Morant,PG,Memphis Grizzlies,36725670,2025
Jaylen Brown,SG,Boston Celtics,49205800,2025
DeMar DeRozan,SF,Sacramento Kings,23400000,2025
Brandon Ingram,SF,New Orleans Pelicans,36016200,2025
Jaren Jackson Jr.,PF,Memphis Grizzlies,25257798,2025
Jalen Williams,F,Oklahoma City Thunder,4775760,2025
Kawhi Leonard,SF,LA Clippers,49350000,2025
Jamal Murray,PG,Denver Nuggets,36016200,2025
Trey Murphy III,SG,New Orleans Pelicans,5159855,2025
Jalen Green,SG,Houston Rockets,12483048,2025
Brandon Miller,F,Charlotte Hornets,11424600,2025
Darius Garland,PG,Cleveland Cavaliers,36725670,2025
Jordan Poole,SG,Washington Wizards,29651786,2025
Coby White,PG,Chicago Bulls,12000000,2025
Miles Bridges,SF,Charlotte Hornets,27173913,2025
Austin Reaves,SG,Los Angeles Lakers,12976362,2025
Scottie Barnes,SF,Toronto Raptors,10130980,2025
Anfernee Simons,SG,Portland Trail Blazers,25892857,2025
Desmond Bane,SG,Memphis Grizzlies,34005250,2025
Alperen Sengun,C,Houston Rockets,5424654,2025
John Collins,PF,Utah Jazz,26580000,2025
Lauri Markkanen,PF,Utah Jazz,42176400,2025
Jalen Johnson,SF,Atlanta Hawks,4510905,2025
Julius Randle,PF,Minnesota Timberwolves,33073920,2025
Evan Mobley,PF,Cleveland Cavaliers,11227809,2025
Shaedon Sharpe,SG,Portland Trail Blazers,6614160,2025
Collin Sexton,PG,Utah Jazz,18350000,2025
Michael Porter Jr.,F,Denver Nuggets,35859950,2025
Bam Adebayo,C,Miami Heat,34848340,2025
Andrew Wiggins,SF,Miami Heat,26276786,2025
Jaden Ivey,PG,Detroit Pistons,7977240,2025
Jimmy Butler,SF,GSW,"48,798,677",2025
Dejounte Murray,SG,New Orleans Pelicans,29535801,2025
Malik Monk,SG,Sacramento Kings,17405202,2025
De'Andre Hunter,SF,Cleveland Cavaliers,21696429,2025
Bradley Beal,SG,Phoenix Suns,50203930,2025
Deni Avdija,SF,Portland Trail Blazers,15625000,2025
Keyonte George,G,Utah Jazz,4084200,2025
Ivica Zubac,C,LA Clippers,11743210,2025
Devin Vassell,SG,San Antonio Spurs,29347826,2025
Jordan Clarkson,G,Utah Jazz,14092577,2025
Paul George,F,Philadelphia 76ers,49205800,2025
Jalen Suggs,SG,Orlando Magic,9188385,2025
Bennedict Mathurin,SG,Indiana Pacers,7245720,2025
Myles Turner,C,Indiana Pacers,19928500,2025
Christian Braun,G,Denver Nuggets,3089640,2025
Jonathan Kuminga,PF,Golden State Warriors,7636154,2025
Jared McCain,G,Philadelphia 76ers,4032240,2025
Mark Williams,C,Charlotte Hornets,4094280,2025
Kelly Oubre Jr.,SG,Philadelphia 76ers,7983000,2025
Chet Holmgren,PF,Oklahoma City Thunder,10880640,2025
Kyle Kuzma,SF,Milwaukee Bucks,22410605,2025
Stephon Castle,G,San Antonio Spurs,9131760,2025
Quentin Grimes,SG,Philadelphia 76ers,4296615,2025
Josh Giddey,SG,Chicago Bulls,8352367,2025
Deandre Ayton,C,Portland Trail Blazers,34005126,2025
Gradey Dick,G,Toronto Raptors,4763760,2025
Jerami Grant,SF,Portland Trail Blazers,29793104,2025
Payton Pritchard,PG,Boston Celtics,6696429,2025
Naz Reid,C,Minnesota Timberwolves,13986432,2025
Dyson Daniels,G,Atlanta Hawks,6059520,2025
Amen Thompson,F,Houston Rockets,9249960,2025
Fred VanVleet,PG,Houston Rockets,42846615,2025
Dillon Brooks,SF,Houston Rockets,22255493,2025
Tolu Smith,Unknown,Unknown,0,2025
Klay Thompson,SG,Dallas Mavericks,15873016,2025
Bobby Portis,F,Milwaukee Bucks,12578286,2025
Tobias Harris,F,Detroit Pistons,25365854,2025
Onyeka Okongwu,PF,Atlanta Hawks,14000000,2025
Naji Marshall,SF,Dallas Mavericks,8571429,2025
Dennis Schroder,PG,Detroit Pistons,13025250,2025
Brook Lopez,C,Milwaukee Bucks,23000000,2025
Alex Sarr,PF,Washington Wizards,11245680,2025
Malcolm Brogdon,PG,Washington Wizards,22500000,2025
Scoot Henderson,G,Portland Trail Blazers,10259160,2025
Keldon Johnson,SF,San Antonio Spurs,19000000,2025
D'Angelo Russell,PG,Brooklyn Nets,18692307,2025
Zaccharie Risacher,PF,Atlanta Hawks,12569040,2025
Santi Aldama,PF,Memphis Grizzlies,3960531,2025
Ty Jerome,SG,Cleveland Cavaliers,2560975,2025
Keegan Murray,SF,Sacramento Kings,8809560,2025
Lonnie Walker IV,G,Philadelphia 76ers,780932,2025
Harrison Barnes,SF,San Antonio Spurs,18000000,2025
Bilal Coulibaly,SG,Washington Wizards,6945240,2025
Ayo Dosunmu,SG,Chicago Bulls,7000000,2025
Jaden McDaniels,PF,Minnesota Timberwolves,23017242,2025
Jabari Smith Jr.,PF,Houston Rockets,9770880,2025
Caris LeVert,SG,Atlanta Hawks,16615384,2025
Drew Timme,Unknown,Unknown,0,2025
Tari Eason,F,Houston Rockets,3695160,2025
Rudy Gobert,C,Minnesota Timberwolves,43827587,2025
Aaron Nesmith,SF,Indiana Pacers,11000000,2025
Aaron Wiggins,SG,Oklahoma City Thunder,10514017,2025
Khris Middleton,SF,Washington Wizards,31666676,2025
Jalen Duren,C,Detroit Pistons,4536840,2025
Brandin Podziemski,G,Golden State Warriors,3519960,2025
Corey Kispert,SF,Washington Wizards,5705888,2025
Jeremy Sochan,F,San Antonio Spurs,5570040,2025
Toumani Camara,F,Portland Trail Blazers,1891857,2025
Jrue Holiday,PG,Boston Celtics,30000000,2025
Walker Kessler,C,Utah Jazz,2965920,2025
Tim Hardaway Jr.,SF,Detroit Pistons,16193183,2025
Duncan Robinson,F,Miami Heat,19406000,2025
Guerschon Yabusele,F,Philadelphia 76ers,2087519,2025
Brice Sensabaugh,F,Utah Jazz,2571480,2025
Bogdan Bogdanovic,SG,LA Clippers,17260000,2025
Jordan Hawkins,G,New Orleans Pelicans,4525680,2025
Brandon Boston Jr.,Unknown,Unknown,0,2025
Nikola Jokic,C,Denver Nuggets,51415938,2025
Grayson Allen,SG,Phoenix Suns,15625000,2025
Obi Toppin,PF,Indiana Pacers,12946429,2025
Jonas Valanciunas,C,Sacramento Kings,9900000,2025
Jaylen Wells,F,Memphis Grizzlies,1157153,2025
Kevin Porter Jr.,G,Milwaukee Bucks,2237691,2025
Jose Alvarado,PG,New Orleans Pelicans,1988598,2025
Nic Claxton,C,Brooklyn Nets,27556817,2025
Herbert Jones,SF,New Orleans Pelicans,12976362,2025
De'Anthony Melton,SG,Golden State Warriors,12822000,2025
Isaiah Joe,SG,Oklahoma City Thunder,12991650,2025
Tyus Jones,PG,Phoenix Suns,2087519,2025
Trendon Watford,PF,"Brooklyn Nets $2,726,603243 Dario Saric, PF Denver Nuggets",5168000,2025
Keion Brooks Jr.,Unknown,Unknown,0,2025
Luguentz Dort,G,Oklahoma City Thunder,16500000,2025
Justin Edwards,F,Philadelphia 76ers,425619,2025
Derrick Jones Jr.,SF,LA Clippers,9523810,2025
Ausar Thompson,F,Detroit Pistons,8376000,2025
Chris Boucher,PF,Toronto Raptors,10810000,2025
Andrew Nembhard,PG,Indiana Pacers,2019699,2025
Ziaire Williams,F,Brooklyn Nets,6133005,2025
Kevin Huerter,SG,Chicago Bulls,16830357,2025
Georges Niang,SF,Atlanta Hawks,8500000,2025
Scotty Pippen Jr.,G,Memphis Grizzlies,2087519,2025
Nick Smith Jr.,G,Charlotte Hornets,2587200,2025
Bub Carrington,G,Washington Wizards,4454880,2025
Moses Moody,SG,Golden State Warriors,5803269,2025
Amir Coffey,SG,LA Clippers,3938271,2025
Max Christie,G,Dallas Mavericks,7142857,2025
Kyle Filipowski,F,Utah Jazz,3000000,2025
Miles McBride,PG,New York Knicks,4710144,2025
Jalen Wilson,F,Brooklyn Nets,1891857,2025
Cole Anthony,PG,Orlando Magic,12900000,2025
Anthony Black,G,Orlando Magic,7607760,2025
Max Strus,SG,Cleveland Cavaliers,15212068,2025
Tristan Vukcevic,PF,Washington Wizards,2424892,2025
Cam Whitmore,F,Houston Rockets,3379080,2025
Nick Richards,C,Phoenix Suns,5000000,2025
Kel'el Ware,C,Miami Heat,4231800,2025
Zach Edey,C,Memphis Grizzlies,5756880,2025
Noah Clowney,F,Brooklyn Nets,3244080,2025
Dalton Knecht,G,Los Angeles Lakers,3819120,2025
A.J. Lawson,G,Toronto Raptors,2120693,2025
T.J. McConnell,PG,Indiana Pacers,9300000,2025
Yves Missi,C,New Orleans Pelicans,3202560,2025
Jared Butler,SG,Philadelphia 76ers,745726,2025
Marcus Smart,PG,Washington Wizards,20210285,2025
Draymond Green,PF,Golden State Warriors,24107143,2025
Killian Hayes,Unknown,Unknown,0,2025
Al Horford,C,Boston Celtics,9500000,2025
Julian Strawther,G,Denver Nuggets,2552520,2025
Patrick Williams,PF,Chicago Bulls,18500000,2025
Jusuf Nurkic,C,Charlotte Hornets,18125000,2025
Clint Capela,C,Atlanta Hawks,22265280,2025
Johnny Juzang,G,Utah Jazz,3087519,2025
Justin Champagnie,SF,Washington Wizards,1800000,2025
Chris Paul,PG,San Antonio Spurs,10460000,2025
Kelly Olynyk,PF,New Orleans Pelicans,12804878,2025
Dorian Finney-Smith,PF,Los Angeles Lakers,14924168,2025
Oshae Brissett,Unknown,Unknown,0,2025
Kentavious Caldwell-Pope,SG,Orlando Magic,22757000,2025
Isaiah Collier,G,Utah Jazz,2520120,2025
Dante Exum,G,Dallas Mavericks,3150000,2025
Kyshawn George,F,Washington Wizards,2825520,2025
Jaden Hardy,G,Dallas Mavericks,2019699,2025
Dereck Lively II,C,Dallas Mavericks,5014560,2025
Tyrese Martin,G,Brooklyn Nets,635853,2025
Matas Buzelis,F,Chicago Bulls,5195520,2025
Jaime Jaquez Jr.,G,Miami Heat,3685800,2025
Ja'Kobe Walter,G,Toronto Raptors,3565000,2025
Sam Hauser,SF,Boston Celtics,2092344,2025
Jared Rhoden,Unknown,Unknown,0,2025
Cason Wallace,G,Oklahoma City Thunder,5555880,2025
Bruce Brown,SF,New Orleans Pelicans,23000000,2025
Brandon Clarke,PF,Memphis Grizzlies,12500000,2025
Keon Ellis,G,Sacramento Kings,2120693,2025
Brandon Williams,Unknown,Unknown,0,2025
Quinten Post,C,Golden State Warriors,438920,2025
Peyton Watson,F,Denver Nuggets,2413560,2025
Davion Mitchell,PG,Miami Heat,6451230,2025
Caleb Martin,SF,Dallas Mavericks,8149001,2025
Tyson Etienne,Unknown,Unknown,0,2025
Day'Ron Sharpe,C,Brooklyn Nets,3989122,2025
KJ Simpson,Unknown,Unknown,0,2025
Terance Mann,SG,Atlanta Hawks,11423077,2025
Karlo Matkovic,C,New Orleans Pelicans,1407153,2025
AJ Johnson,G,Washington Wizards,2795294,2025
Lonzo Ball,PG,Chicago Bulls,21395348,2025
Oscar Tshiebwe,Unknown,Unknown,0,2025
Matisse Thybulle,SG,Portland Trail Blazers,11025160,2025
A.J. Green,SG,Milwaukee Bucks,"2,120,693",2025
Josh Green,SG,Charlotte Hornets,12654321,2025
Damion Baugh,Unknown,Unknown,0,2025
Ricky Council IV,G,Philadelphia 76ers,1891857,2025
Tre Jones,PG,Chicago Bulls,9104167,2025
Tristan Da Silva,F,Orlando Magic,3628440,2025
GG Jackson II,SF,Unknown,"1,891,857",2025
Vit Krejci,G,Atlanta Hawks,2162606,2025
Sam Merrill,SG,Cleveland Cavaliers,2164993,2025
Daeqwon Plowden,Unknown,Unknown,0,2025
Nae'Qwan Tomlin,Unknown,Unknown,0,2025
Josh Okogie,SF,Charlotte Hornets,8250000,2025
Jalen Hood-Schifino,G,Philadelphia 76ers,3879840,2025
Jamison Battle,F,Toronto Raptors,1000000,2025
Alex Caruso,SG,Oklahoma City Thunder,9890000,2025
Jamal Shead,G,Toronto Raptors,1862265,2025
Jeff Dowtin Jr.,G,Philadelphia 76ers,2196970,2025
Marcus Garrett,Unknown,Unknown,0,2025
Isaiah Jackson,SF,Indiana Pacers,4435381,2025
Jaylen Sims,Unknown,Unknown,0,2025
Orlando Robinson,C,Toronto Raptors,491887,2025
Jake LaRavia,F,Sacramento Kings,3352680,2025
Ryan Dunn,F,Phoenix Suns,2538240,2025
Jay Huff,C,Memphis Grizzlies,2088033,2025
Antonio Reeves,G,New Orleans Pelicans,1157153,2025
Cody Martin,SF,Phoenix Suns,8120000,2025
Bol Bol,C,Phoenix Suns,2087519,2025
Jaxson Hayes,C,Los Angeles Lakers,2463946,2025
Marcus Bagley,Unknown,Unknown,0,2025
DaQuan Jeffries,SG,Charlotte Hornets,2425204,2025
Lester Quinones,Unknown,Unknown,0,2025
Vasilije Micic,G,Phoenix Suns,7723000,2025
Trayce Jackson-Davis,F,Golden State Warriors,1891857,2025
Marcus Sasser,G,Detroit Pistons,2755080,2025
Vince Williams Jr.,G,Memphis Grizzlies,2120693,2025
Thomas Bryant,C,Indiana Pacers,2087519,2025
Donovan Clingan,C,Portland Trail Blazers,6586440,2025
Haywood Highsmith,F,Miami Heat,5200000,2025
Talen Horton-Tucker,SF,Chicago Bulls,2087519,2025
Ajay Mitchell,G,Oklahoma City Thunder,3000000,2025
Zach Collins,PF,Chicago Bulls,16741200,2025
Kris Dunn,G,LA Clippers,5168000,2025
Ron Holland,SF,Detroit Pistons,"8,245,320",2025
KJ Martin,F,Utah Jazz,7975000,2025
Gabe Vincent,PG,Los Angeles Lakers,11000000,2025
Jeremiah Robinson-Earl,F,New Orleans Pelicans,2196970,2025
Kenrich Williams,SF,Oklahoma City Thunder,6669000,2025
Bones Hyland,PG,Minnesota Timberwolves,4158439,2025
Jonathan Mogbo,F,Toronto Raptors,1862265,2025
Ryan Rollins,G,Milwaukee Bucks,491887,2025
Dru Smith,Unknown,Unknown,0,2025
Isaac Okoro,SF,Cleveland Cavaliers,10185185,2025
Jarace Walker,F,Indiana Pacers,6362520,2025
N'Faly Dante,Unknown,Unknown,0,2025
Mouhamed Gueye,F,Atlanta Hawks,1891858,2025
Luke Kornet,C,Boston Celtics,2087519,2025
Isaiah Mobley,Unknown,Unknown,0,2025
Isaiah Stewart,C,Detroit Pistons,15000000,2025
Isaiah Wong,Unknown,Unknown,0,2025
Cole Swider,Unknown,Unknown,0,2025
Chuma Okeke,Unknown,Unknown,0,2025
Kyle Anderson,SF,Miami Heat,8780488,2025
Collin Gillespie,Unknown,Unknown,0,2025
Tidjane Salaun,F,Charlotte Hornets,7488720,2025
Jaylin Williams,F,Oklahoma City Thunder,2019699,2025
Moses Brown,Unknown,Unknown,0,2025
Adem Bona,C,Philadelphia 76ers,1157153,2025
Quenton Jackson,Unknown,Unknown,0,2025
Robert Williams,C,Portland Trail Blazers,"12,428,571",2025
Moussa Diabate,F,Charlotte Hornets,957763,2025
Dariq Whitehead,F,Brooklyn Nets,3114240,2025
Landry Shamet,SG,New York Knicks,1343690,2025
Shake Milton,SG,Los Angeles Lakers,2875000,2025
Jeff Green,PF,Houston Rockets,8000000,2025
Jonathan Isaac,PF,Orlando Magic,25000000,2025
Dean Wade,PF,Cleveland Cavaliers,6166667,2025
Keaton Wallace,Unknown,Unknown,0,2025
Kobe Bufkin,G,Atlanta Hawks,4299000,2025
Jamal Cain,Unknown,Unknown,0,2025
Pat Connaughton,SG,Milwaukee Bucks,9423869,2025
Ben Sheppard,G,Indiana Pacers,2663880,2025
Jabari Walker,F,Portland Trail Blazers,2019699,2025
Javonte Green,G,Cleveland Cavaliers,599862,2025
Alex Reese,Unknown,Unknown,0,2025
Mitchell Robinson,C,New York Knicks,14318182,2025
Kai Jones,PF,Dallas Mavericks,2196970,2025
Ben Simmons,PG,LA Clippers,755826,2025
Malaki Branham,G,San Antonio Spurs,3217920,2025
Neemias Queta,C,Boston Celtics,2162606,2025
Alondes Williams,Unknown,Unknown,0,2025
Jaylen Martin,Unknown,Unknown,0,2025
Lindy Waters III,F,Detroit Pistons,2196970,2025
Trevelin Queen,Unknown,Unknown,0,2025
Jock Landale,C,Houston Rockets,8000000,2025
Colin Castleton,Unknown,Unknown,0,2025